symbol,name,category,interval,orb_duration,tp_multiplier,risk_per_trade,total_trades,win_rate,profit_factor,return_pct,max_drawdown,total_pnl
MNQ=F,Micro Nasdaq,futures,5m,5,2.0,0.01,63,0.4444444444444444,1.6709382098023846,14.77242899999921,-375.2524000000267,1477.242899999921
NQ=F,Nasdaq Futures,futures,5m,5,2.0,0.01,63,0.4444444444444444,1.725392606490918,15.47992899999921,-301.2524000000267,1547.992899999921
EURUSD=X,EUR/USD,forex,5m,5,2.0,0.01,92,0.6086956521739131,2.2414112225555543,3.6400589621279322,-34.24626032066459,364.0058962127949
GC=F,Gold,commodities,5m,5,2.0,0.01,61,0.5081967213114754,1.7765461190819718,4.41481979296841,-98.40327890625485,441.481979296841
GLD,Gold ETF,commodities,5m,5,2.0,0.01,82,0.4878048780487805,1.5295306734816376,4.955360629395054,-244.54836098629937,495.53606293952265
AAPL,Apple,stocks,5m,5,2.0,0.01,80,0.2375,0.65367410728685,-14.174193981933714,-1623.5711197265714,-1417.4193981933724
MSFT,Microsoft,stocks,5m,5,2.0,0.01,84,0.35714285714285715,1.1740801490538308,4.792002112793526,-505.7114212402146,479.20021127934933
GOOGL,Google,stocks,5m,5,2.0,0.01,81,0.2716049382716049,0.6752703897578968,-15.054891059814546,-2305.7846501953186,-1505.4891059814584
AMZN,Amazon,stocks,5m,5,2.0,0.01,82,0.3048780487804878,0.9332106298771708,-2.6725622990723603,-1193.5552598144554,-267.2562299072447
TSLA,Tesla,stocks,5m,5,2.0,0.01,70,0.35714285714285715,1.0799925527224206,3.855022682617709,-2339.859210888646,385.5022682617717
SPY,S&P 500 ETF,stocks,5m,5,2.0,0.01,90,0.36666666666666664,1.0188443512698577,0.19462956347717408,-256.35941874999116,19.46295634770013
QQQ,Nasdaq ETF,stocks,5m,5,2.0,0.01,91,0.37362637362637363,1.1606143749563562,2.582417517578269,-420.6946669921722,258.2417517578624
MNQ=F,Micro Nasdaq,futures,5m,5,2.0,0.02,63,0.4444444444444444,1.6709382098023846,14.77242899999921,-375.2524000000267,1477.242899999921
NQ=F,Nasdaq Futures,futures,5m,5,2.0,0.02,63,0.4444444444444444,1.725392606490918,15.47992899999921,-301.2524000000267,1547.992899999921
EURUSD=X,EUR/USD,forex,5m,5,2.0,0.02,92,0.6086956521739131,2.2414112225555543,3.6400589621279322,-34.24626032066459,364.0058962127949
GC=F,Gold,commodities,5m,5,2.0,0.02,61,0.5081967213114754,1.7765461190819718,4.41481979296841,-98.40327890625485,441.481979296841
GLD,Gold ETF,commodities,5m,5,2.0,0.02,82,0.4878048780487805,1.5295306734816376,4.955360629395054,-244.54836098629937,495.53606293952265
AAPL,Apple,stocks,5m,5,2.0,0.02,80,0.2375,0.6912809551542852,-14.134698983886809,-1698.575852807625,-1413.4698983886829
MSFT,Microsoft,stocks,5m,5,2.0,0.02,84,0.35714285714285715,1.1355741650124576,3.8537997016607366,-533.6051559081761,385.37997016606823
GOOGL,Google,stocks,5m,5,2.0,0.02,81,0.2716049382716049,0.6292020813521523,-19.455806289306686,-2787.7327235839907,-1945.5806289306786
AMZN,Amazon,stocks,5m,5,2.0,0.02,82,0.3048780487804878,0.9282810092772873,-3.190635180664212,-1364.5646724121139,-319.06351806642556
TSLA,Tesla,stocks,5m,5,2.0,0.02,70,0.35714285714285715,1.064613553516524,4.978399682129784,-3892.8773680175386,497.83996821297035
SPY,S&P 500 ETF,stocks,5m,5,2.0,0.02,90,0.36666666666666664,1.0188443512698577,0.19462956347717408,-256.35941874999116,19.46295634770013
QQQ,Nasdaq ETF,stocks,5m,5,2.0,0.02,91,0.37362637362637363,1.1606143749563562,2.582417517578269,-420.6946669921722,258.2417517578624
MNQ=F,Micro Nasdaq,futures,5m,5,1.0,0.01,69,0.6956521739130435,2.399643755754684,18.07995699999952,-193.0008000000089,1807.9956999999522
NQ=F,Nasdaq Futures,futures,5m,5,1.0,0.01,68,0.7058823529411765,2.661496132486323,19.314958999999543,-181.00040000000445,1931.4958999999544
EURUSD=X,EUR/USD,forex,5m,5,1.0,0.01,95,0.7473684210526316,2.081041624349834,2.127095878450473,-42.81941060752963,212.70958784504975
GC=F,Gold,commodities,5m,5,1.0,0.01,67,0.6865671641791045,2.106271563306712,4.504890648437249,-47.10178593750243,450.4890648437249
GLD,Gold ETF,commodities,5m,5,1.0,0.01,82,0.6707317073170732,1.8173217769735663,4.748995413574558,-109.78536562499357,474.8995413574642
AAPL,Apple,stocks,5m,5,1.0,0.01,80,0.4625,0.7734681487550066,-7.117500718750143,-780.5890842529465,-711.7500718750208
MSFT,Microsoft,stocks,5m,5,1.0,0.01,85,0.5882352941176471,1.4437841467955603,8.20487031054725,-303.28291874999354,820.4870310547249
GOOGL,Google,stocks,5m,5,1.0,0.01,82,0.4024390243902439,0.602203361716607,-15.723353399902425,-2066.1461711181714,-1572.3353399902433
AMZN,Amazon,stocks,5m,5,1.0,0.01,83,0.5180722891566265,1.0833330719851155,2.43248894384742,-468.9866076660277,243.24889438474338
TSLA,Tesla,stocks,5m,5,1.0,0.01,71,0.5211267605633803,1.0695700351949557,2.354995018066802,-1150.16173803709,235.4995018066789
SPY,S&P 500 ETF,stocks,5m,5,1.0,0.01,92,0.5760869565217391,1.2003101475066833,1.448063578125402,-231.87477343749197,144.80635781253022
QQQ,Nasdaq ETF,stocks,5m,5,1.0,0.01,91,0.5824175824175825,1.316734473195288,3.517249139648557,-279.22117851561416,351.7249139648775
MNQ=F,Micro Nasdaq,futures,5m,5,1.0,0.02,69,0.6956521739130435,2.399643755754684,18.07995699999952,-193.0008000000089,1807.9956999999522
NQ=F,Nasdaq Futures,futures,5m,5,1.0,0.02,68,0.7058823529411765,2.661496132486323,19.314958999999543,-181.00040000000445,1931.4958999999544
EURUSD=X,EUR/USD,forex,5m,5,1.0,0.02,95,0.7473684210526316,2.081041624349834,2.127095878450473,-42.81941060752963,212.70958784504975
GC=F,Gold,commodities,5m,5,1.0,0.02,67,0.6865671641791045,2.106271563306712,4.504890648437249,-47.10178593750243,450.4890648437249
GLD,Gold ETF,commodities,5m,5,1.0,0.02,82,0.6707317073170732,1.8173217769735663,4.748995413574558,-109.78536562499357,474.8995413574642
AAPL,Apple,stocks,5m,5,1.0,0.02,80,0.4625,0.7751756041150435,-7.913071463867364,-885.4409405761899,-791.30714638674
MSFT,Microsoft,stocks,5m,5,1.0,0.02,85,0.5882352941176471,1.3666592925554366,7.163950548828489,-408.2843187499932,716.3950548828502
GOOGL,Google,stocks,5m,5,1.0,0.02,82,0.4024390243902439,0.549749394699646,-20.384395337158267,-2552.2836971191496,-2038.4395337158305
AMZN,Amazon,stocks,5m,5,1.0,0.02,83,0.5180722891566265,1.063059711358008,2.054033176025132,-572.0734171386856,205.4033176025148
TSLA,Tesla,stocks,5m,5,1.0,0.02,71,0.5211267605633803,1.013303226748912,0.687974816895039,-1764.7369491210438,68.79748168950891
SPY,S&P 500 ETF,stocks,5m,5,1.0,0.02,92,0.5760869565217391,1.2003101475066833,1.448063578125402,-231.87477343749197,144.80635781253022
QQQ,Nasdaq ETF,stocks,5m,5,1.0,0.02,91,0.5824175824175825,1.316734473195288,3.517249139648557,-279.22117851561416,351.7249139648775
MNQ=F,Micro Nasdaq,futures,5m,5,0.5,0.01,69,0.8405797101449275,2.8299944861443747,12.366227999999756,-114.00020000000222,1236.6227999999755
NQ=F,Nasdaq Futures,futures,5m,5,0.5,0.01,69,0.8695652173913043,4.039039526677844,14.784981999999799,-90.50020000000222,1478.49819999998
EURUSD=X,EUR/USD,forex,5m,5,0.5,0.01,96,0.8333333333333334,1.9417107578312949,1.153026429872607,-21.033588912583724,115.3026429872601
GC=F,Gold,commodities,5m,5,0.5,0.01,68,0.8970588235294118,3.5643982698760563,3.77747386914054,-41.701039453126214,377.747386914054
GLD,Gold ETF,commodities,5m,5,0.5,0.01,82,0.8536585365853658,2.247716443660769,3.69554397241227,-75.85264374999679,369.5543972412306
AAPL,Apple,stocks,5m,5,0.5,0.01,84,0.6785714285714286,1.0107897548145577,0.21978130407702337,-391.3155112426807,21.97813040769921
MSFT,Microsoft,stocks,5m,5,0.5,0.01,85,0.7647058823529411,1.437126872774169,5.077552699219014,-209.729202905266,507.7552699219
GOOGL,Google,stocks,5m,5,0.5,0.01,83,0.6265060240963856,0.7502834923451139,-6.514195051757906,-1313.0897395507873,-651.4195051757918
AMZN,Amazon,stocks,5m,5,0.5,0.01,83,0.6987951807228916,1.2420939596071114,4.1986095278318505,-468.80611859131653,419.86095278318624
TSLA,Tesla,stocks,5m,5,0.5,0.01,71,0.7887323943661971,1.832655535791686,13.217848774658378,-507.77532104491183,1321.7848774658382
SPY,S&P 500 ETF,stocks,5m,5,0.5,0.01,92,0.8478260869565217,3.039624966924822,4.760330808593862,-42.4836687499992,476.03308085938625
QQQ,Nasdaq ETF,stocks,5m,5,0.5,0.01,91,0.8241758241758241,2.358198311408453,6.234763355468749,-80.68682109374367,623.4763355468895
MNQ=F,Micro Nasdaq,futures,5m,5,0.5,0.02,69,0.8405797101449275,2.8299944861443747,12.366227999999756,-114.00020000000222,1236.6227999999755
NQ=F,Nasdaq Futures,futures,5m,5,0.5,0.02,69,0.8695652173913043,4.039039526677844,14.784981999999799,-90.50020000000222,1478.49819999998
EURUSD=X,EUR/USD,forex,5m,5,0.5,0.02,96,0.8333333333333334,1.9417107578312949,1.153026429872607,-21.033588912583724,115.3026429872601
GC=F,Gold,commodities,5m,5,0.5,0.02,68,0.8970588235294118,3.5643982698760563,3.77747386914054,-41.701039453126214,377.747386914054
GLD,Gold ETF,commodities,5m,5,0.5,0.02,82,0.8536585365853658,2.247716443660769,3.69554397241227,-75.85264374999679,369.5543972412306
AAPL,Apple,stocks,5m,5,0.5,0.02,84,0.6785714285714286,0.9691053237126863,-0.7205534145509227,-457.12057891845564,-72.05534145509492
MSFT,Microsoft,stocks,5m,5,0.5,0.02,85,0.7647058823529411,1.4874567939955536,5.676255685791276,-211.17390668944563,567.6255685791266
GOOGL,Google,stocks,5m,5,0.5,0.02,83,0.6265060240963856,0.719801949193644,-8.397187165283322,-1544.7514228637767,-839.7187165283327
AMZN,Amazon,stocks,5m,5,0.5,0.02,83,0.6987951807228916,1.222033909667113,4.294994066284034,-552.6835104248122,429.49940662840095
TSLA,Tesla,stocks,5m,5,0.5,0.02,71,0.7887323943661971,1.7656325492199079,19.38589741918979,-847.6861885742023,1938.5897419189723
SPY,S&P 500 ETF,stocks,5m,5,0.5,0.02,92,0.8478260869565217,3.039624966924822,4.760330808593862,-42.4836687499992,476.03308085938625
QQQ,Nasdaq ETF,stocks,5m,5,0.5,0.02,91,0.8241758241758241,2.358198311408453,6.234763355468749,-80.68682109374367,623.4763355468895
MNQ=F,Micro Nasdaq,futures,5m,15,2.0,0.01,40,0.475,1.5744114594927001,11.472456999999523,-377.5008000000089,1147.2456999999522
NQ=F,Nasdaq Futures,futures,5m,15,2.0,0.01,40,0.475,1.7498628399445868,14.074956999999522,-374.7508000000089,1407.4956999999522
EURUSD=X,EUR/USD,forex,5m,15,2.0,0.01,71,0.5070422535211268,1.270773058924824,1.2396882493763588,-75.91582044085942,123.96882493763823
GC=F,Gold,commodities,5m,15,2.0,0.01,49,0.4897959183673469,1.7476196481868531,5.25587494921845,-86.70297187500364,525.5874949218451
GLD,Gold ETF,commodities,5m,15,2.0,0.01,73,0.4794520547945205,1.5370571865502511,6.455391720215357,-227.60280268552333,645.5391720215537
AAPL,Apple,stocks,5m,15,2.0,0.01,78,0.21794871794871795,0.6233551601972442,-16.52206563037131,-1927.9204734130958,-1652.2065630371235
MSFT,Microsoft,stocks,5m,15,2.0,0.01,81,0.3333333333333333,1.0380066639133236,1.211555357422476,-840.7542815429479,121.15553574224202
GOOGL,Google,stocks,5m,15,2.0,0.01,73,0.2602739726027397,0.6565337354212911,-15.293221493408254,-2073.5367270263773,-1529.3221493408325
AMZN,Amazon,stocks,5m,15,2.0,0.01,72,0.3472222222222222,1.0873222795201538,3.508604054199131,-970.9388147949154,350.8604054199094
TSLA,Tesla,stocks,5m,15,2.0,0.01,72,0.3333333333333333,0.9900448294776893,-0.5113833378900381,-2329.461400048805,-51.138333789013245
SPY,S&P 500 ETF,stocks,5m,15,2.0,0.01,81,0.3333333333333333,0.9944160932063485,-0.07209958496036051,-252.55292499997495,-7.209958496051854
QQQ,Nasdaq ETF,stocks,5m,15,2.0,0.01,76,0.34210526315789475,1.1021831504558608,1.9141856689454289,-472.2185584960753,191.41856689457518
MNQ=F,Micro Nasdaq,futures,5m,15,2.0,0.02,40,0.475,1.5744114594927001,11.472456999999523,-377.5008000000089,1147.2456999999522
NQ=F,Nasdaq Futures,futures,5m,15,2.0,0.02,40,0.475,1.7498628399445868,14.074956999999522,-374.7508000000089,1407.4956999999522
EURUSD=X,EUR/USD,forex,5m,15,2.0,0.02,71,0.5070422535211268,1.270773058924824,1.2396882493763588,-75.91582044085942,123.96882493763823
GC=F,Gold,commodities,5m,15,2.0,0.02,49,0.4897959183673469,1.7476196481868531,5.25587494921845,-86.70297187500364,525.5874949218451
GLD,Gold ETF,commodities,5m,15,2.0,0.02,73,0.4794520547945205,1.5370571865502511,6.455391720215357,-227.60280268552333,645.5391720215537
AAPL,Apple,stocks,5m,15,2.0,0.02,78,0.21794871794871795,0.6302299291771587,-18.963460192871263,-2323.6351701904405,-1896.3460192871248
MSFT,Microsoft,stocks,5m,15,2.0,0.02,81,0.3333333333333333,1.0168197875700467,0.559550935547486,-840.7542815429479,55.955093554742575
GOOGL,Google,stocks,5m,15,2.0,0.02,73,0.2602739726027397,0.5913108369411334,-22.375601022460998,-2817.395800146496,-2237.560102246107
AMZN,Amazon,stocks,5m,15,2.0,0.02,72,0.3472222222222222,1.0340225883891847,1.6698813598631024,-1441.8709504150343,166.98813598631233
TSLA,Tesla,stocks,5m,15,2.0,0.02,72,0.3333333333333333,1.0640860056792156,5.994981467286015,-4206.641009912071,599.4981467285996
SPY,S&P 500 ETF,stocks,5m,15,2.0,0.02,81,0.3333333333333333,0.9944160932063485,-0.07209958496036051,-252.55292499997495,-7.209958496051854
QQQ,Nasdaq ETF,stocks,5m,15,2.0,0.02,76,0.34210526315789475,1.1021831504558608,1.9141856689454289,-472.2185584960753,191.41856689457518
MNQ=F,Micro Nasdaq,futures,5m,15,1.0,0.01,56,0.6785714285714286,1.8201216348700344,14.38496299999959,-380.00140000001556,1438.4962999999589
NQ=F,Nasdaq Futures,futures,5m,15,1.0,0.01,56,0.6785714285714286,2.056557810244875,16.90496299999959,-375.75140000001556,1690.4962999999589
EURUSD=X,EUR/USD,forex,5m,15,1.0,0.01,88,0.7045454545454546,1.9404937095722128,2.7143261616192285,-55.608983303640166,271.4326161619216
GC=F,Gold,commodities,5m,15,1.0,0.01,57,0.6666666666666666,1.638166823889709,3.6459100664060315,-78.90570234376173,364.59100664060315
GLD,Gold ETF,commodities,5m,15,1.0,0.01,75,0.6266666666666667,1.3178171117016342,2.89245283154336,-127.69888749999882,289.24528315434065
AAPL,Apple,stocks,5m,15,1.0,0.01,78,0.358974358974359,0.5708042235784067,-15.561368872070345,-1606.9808894531336,-1556.1368872070416
MSFT,Microsoft,stocks,5m,15,1.0,0.01,82,0.4878048780487805,0.9621258760402455,-0.9197802421870438,-492.6130331054483,-91.97802421870489
GOOGL,Google,stocks,5m,15,1.0,0.01,73,0.3972602739726027,0.6117953082456233,-14.598653885498042,-1704.5934985839826,-1459.8653885498084
AMZN,Amazon,stocks,5m,15,1.0,0.01,73,0.4383561643835616,0.7964343306774546,-6.710447085937594,-1192.9143627685598,-671.0447085937606
TSLA,Tesla,stocks,5m,15,1.0,0.01,74,0.5135135135135135,1.046892151914767,1.6929918774417092,-1398.2397801757654,169.29918774417388
SPY,S&P 500 ETF,stocks,5m,15,1.0,0.01,86,0.5465116279069767,1.2107074663841884,1.99213472656289,-181.80207187499036,199.21347265628037
QQQ,Nasdaq ETF,stocks,5m,15,1.0,0.01,81,0.5802469135802469,1.3078784170435895,4.187953545898527,-180.28495087890178,418.795354589874
MNQ=F,Micro Nasdaq,futures,5m,15,1.0,0.02,56,0.6785714285714286,1.8201216348700344,14.38496299999959,-380.00140000001556,1438.4962999999589
NQ=F,Nasdaq Futures,futures,5m,15,1.0,0.02,56,0.6785714285714286,2.056557810244875,16.90496299999959,-375.75140000001556,1690.4962999999589
EURUSD=X,EUR/USD,forex,5m,15,1.0,0.02,88,0.7045454545454546,1.9404937095722128,2.7143261616192285,-55.608983303640166,271.4326161619216
GC=F,Gold,commodities,5m,15,1.0,0.02,57,0.6666666666666666,1.638166823889709,3.6459100664060315,-78.90570234376173,364.59100664060315
GLD,Gold ETF,commodities,5m,15,1.0,0.02,75,0.6266666666666667,1.3178171117016342,2.89245283154336,-127.69888749999882,289.24528315434065
AAPL,Apple,stocks,5m,15,1.0,0.02,78,0.358974358974359,0.5974801380492091,-16.682747717529384,-1710.8518285644623,-1668.2747717529408
MSFT,Microsoft,stocks,5m,15,1.0,0.02,82,0.4878048780487805,0.9251790152606987,-1.9157023417963863,-567.6980116210642,-191.5702341796419
GOOGL,Google,stocks,5m,15,1.0,0.02,73,0.3972602739726027,0.539581733433898,-21.885066023681656,-2326.5843059814497,-2188.506602368169
AMZN,Amazon,stocks,5m,15,1.0,0.02,73,0.4383561643835616,0.7867517502836874,-8.414888866455184,-1494.9548531005917,-841.4888866455208
TSLA,Tesla,stocks,5m,15,1.0,0.02,74,0.5135135135135135,1.0482318457065407,2.9962031948247385,-2410.7023205077912,299.62031948247557
SPY,S&P 500 ETF,stocks,5m,15,1.0,0.02,86,0.5465116279069767,1.2107074663841884,1.99213472656289,-181.80207187499036,199.21347265628037
QQQ,Nasdaq ETF,stocks,5m,15,1.0,0.02,81,0.5802469135802469,1.3078784170435895,4.187953545898527,-180.28495087890178,418.795354589874
MNQ=F,Micro Nasdaq,futures,5m,15,0.5,0.01,60,0.8,1.7708644102370168,9.281225999999734,-231.00040000000445,928.1225999999733
NQ=F,Nasdaq Futures,futures,5m,15,0.5,0.01,60,0.8166666666666667,1.9934276233779025,10.776227999999756,-231.50020000000222,1077.6227999999755
EURUSD=X,EUR/USD,forex,5m,15,0.5,0.01,88,0.8181818181818182,1.679217852773583,1.286101161338811,-35.02540909099656,128.61011613388558
GC=F,Gold,commodities,5m,15,0.5,0.01,58,0.8448275862068966,2.368306483651972,3.6479614746092737,-53.45183945312783,364.7961474609274
GLD,Gold ETF,commodities,5m,15,0.5,0.01,75,0.8133333333333334,1.9518909673144447,4.1343844128419915,-72.49278046874679,413.43844128420466
AAPL,Apple,stocks,5m,15,0.5,0.01,81,0.5802469135802469,0.6661672462524922,-8.908650333740297,-836.7159124267689,-890.8650333740352
MSFT,Microsoft,stocks,5m,15,0.5,0.01,83,0.6626506024096386,0.896702457924326,-1.8103781882321348,-413.1299953613116,-181.03781882321374
GOOGL,Google,stocks,5m,15,0.5,0.01,73,0.5616438356164384,0.5897378055782798,-11.238951067627005,-1560.0779058471746,-1123.8951067627047
AMZN,Amazon,stocks,5m,15,0.5,0.01,73,0.6027397260273972,0.8011237754714728,-4.5498662885742664,-981.3737730712935,-454.98662885742453
TSLA,Tesla,stocks,5m,15,0.5,0.01,74,0.7297297297297297,1.3274652266550966,6.682442841797111,-824.6636174316326,668.2442841797043
SPY,S&P 500 ETF,stocks,5m,15,0.5,0.01,86,0.7790697674418605,1.7913459041371451,3.7164220292970276,-119.77305390624679,371.64220292970276
QQQ,Nasdaq ETF,stocks,5m,15,0.5,0.01,82,0.7682926829268293,1.6721024422735724,5.0132039394531605,-139.22672226561963,501.32039394532967
MNQ=F,Micro Nasdaq,futures,5m,15,0.5,0.02,60,0.8,1.7708644102370168,9.281225999999734,-231.00040000000445,928.1225999999733
NQ=F,Nasdaq Futures,futures,5m,15,0.5,0.02,60,0.8166666666666667,1.9934276233779025,10.776227999999756,-231.50020000000222,1077.6227999999755
EURUSD=X,EUR/USD,forex,5m,15,0.5,0.02,88,0.8181818181818182,1.679217852773583,1.286101161338811,-35.02540909099656,128.61011613388558
GC=F,Gold,commodities,5m,15,0.5,0.02,58,0.8448275862068966,2.368306483651972,3.6479614746092737,-53.45183945312783,364.7961474609274
GLD,Gold ETF,commodities,5m,15,0.5,0.02,75,0.8133333333333334,1.9518909673144447,4.1343844128419915,-72.49278046874679,413.43844128420466
AAPL,Apple,stocks,5m,15,0.5,0.02,81,0.5802469135802469,0.6356038057428409,-11.42368984423836,-1091.3549162231566,-1142.3689844238402
MSFT,Microsoft,stocks,5m,15,0.5,0.02,83,0.6626506024096386,0.8399672779682037,-3.027152354980171,-529.6274193603344,-302.7152354980179
GOOGL,Google,stocks,5m,15,0.5,0.02,73,0.5616438356164384,0.498506809327852,-18.09466504504404,-2295.0154518554764,-1809.4665045044055
AMZN,Amazon,stocks,5m,15,0.5,0.02,73,0.6027397260273972,0.7763027263391251,-6.184281278564431,-1196.0219932251023,-618.4281278564488
TSLA,Tesla,stocks,5m,15,0.5,0.02,74,0.7297297297297297,1.2516523101456118,9.287357057861609,-1594.3202555663922,928.7357057861616
SPY,S&P 500 ETF,stocks,5m,15,0.5,0.02,86,0.7790697674418605,1.7913459041371451,3.7164220292970276,-119.77305390624679,371.64220292970276
QQQ,Nasdaq ETF,stocks,5m,15,0.5,0.02,82,0.7682926829268293,1.6721024422735724,5.0132039394531605,-139.22672226561963,501.32039394532967
MNQ=F,Micro Nasdaq,futures,15m,15,2.0,0.01,36,0.4166666666666667,1.2336030167887575,5.512456999999522,-498.50280000003113,551.2456999999522
NQ=F,Nasdaq Futures,futures,15m,15,2.0,0.01,36,0.4444444444444444,1.515155724863412,11.002458999999543,-490.50280000003113,1100.2458999999544
EURUSD=X,EUR/USD,forex,15m,15,2.0,0.01,58,0.5172413793103449,1.363369081723812,1.6665807008858429,-102.39429188899788,166.65807008858275
GC=F,Gold,commodities,15m,15,2.0,0.01,22,0.5,1.8742481660805728,3.4629452539061094,-111.90181406250485,346.29452539061185
GLD,Gold ETF,commodities,15m,15,2.0,0.01,58,0.4827586206896552,1.659877748323182,7.145772697754254,-173.7494732910004,714.5772697754346
AAPL,Apple,stocks,15m,15,2.0,0.01,65,0.2,0.5573402708104941,-17.811310594970873,-2108.029826440441,-1781.131059497082
MSFT,Microsoft,stocks,15m,15,2.0,0.01,60,0.3,0.8111974786308604,-5.207739226562225,-1131.0105671874735,-520.7739226562157
GOOGL,Google,stocks,15m,15,2.0,0.01,61,0.22950819672131148,0.5730629311535638,-16.70611763525396,-2131.2467905517697,-1670.6117635254022
AMZN,Amazon,stocks,15m,15,2.0,0.01,57,0.2982456140350877,0.8669692866705647,-4.467044549804832,-882.9031417724589,-446.70445498047917
TSLA,Tesla,stocks,15m,15,2.0,0.01,61,0.2459016393442623,0.6592389798294811,-14.609049421874662,-2510.219964697232,-1460.9049421874613
SPY,S&P 500 ETF,stocks,15m,15,2.0,0.01,67,0.3880597014925373,1.2835717494124408,3.5238311972659724,-366.5182584960785,352.3831197265955
QQQ,Nasdaq ETF,stocks,15m,15,2.0,0.01,66,0.2878787878787879,0.8062348396197312,-3.8444205380857417,-846.3818374999728,-384.44205380855374
MNQ=F,Micro Nasdaq,futures,15m,15,2.0,0.02,36,0.4166666666666667,1.2336030167887575,5.512456999999522,-498.50280000003113,551.2456999999522
NQ=F,Nasdaq Futures,futures,15m,15,2.0,0.02,36,0.4444444444444444,1.515155724863412,11.002458999999543,-490.50280000003113,1100.2458999999544
EURUSD=X,EUR/USD,forex,15m,15,2.0,0.02,58,0.5172413793103449,1.363369081723812,1.6665807008858429,-102.39429188899788,166.65807008858275
GC=F,Gold,commodities,15m,15,2.0,0.02,22,0.5,2.219610918387091,4.830946183593624,-111.90181406250485,483.09461835936145
GLD,Gold ETF,commodities,15m,15,2.0,0.02,58,0.4827586206896552,1.659877748323182,7.145772697754254,-173.7494732910004,714.5772697754346
AAPL,Apple,stocks,15m,15,2.0,0.02,65,0.2,0.5928437806578476,-19.592762688720956,-2374.4175535156382,-1959.276268872087
MSFT,Microsoft,stocks,15m,15,2.0,0.02,60,0.3,0.7952750927735077,-5.990429885253652,-1212.9498464843477,-599.0429885253556
GOOGL,Google,stocks,15m,15,2.0,0.02,61,0.22950819672131148,0.50989734089885,-24.550963687744286,-2912.7837694580217,-2455.0963687744274
AMZN,Amazon,stocks,15m,15,2.0,0.02,57,0.2982456140350877,0.9195690685629733,-3.3016545261232024,-1146.6837515869133,-330.1654526123182
TSLA,Tesla,stocks,15m,15,2.0,0.02,61,0.2459016393442623,0.6963272378280686,-22.787283199218162,-4353.427541210887,-2278.7283199218136
SPY,S&P 500 ETF,stocks,15m,15,2.0,0.02,67,0.3880597014925373,1.2835717494124408,3.5238311972659724,-366.5182584960785,352.3831197265955
QQQ,Nasdaq ETF,stocks,15m,15,2.0,0.02,66,0.2878787878787879,0.7987426793335516,-4.0305243916013564,-846.3818374999728,-403.05243916011614
MNQ=F,Micro Nasdaq,futures,15m,15,1.0,0.01,46,0.5652173913043478,1.0544131047891978,1.2324589999995441,-495.2532000000356,123.24589999995442
NQ=F,Nasdaq Futures,futures,15m,15,1.0,0.01,45,0.6222222222222222,1.3850791727626564,7.304964999999611,-476.7524000000267,730.4964999999611
EURUSD=X,EUR/USD,forex,15m,15,1.0,0.01,71,0.647887323943662,1.3216123249747198,1.2322020055255962,-77.86744178695321,123.22020055255976
GC=F,Gold,commodities,15m,15,1.0,0.01,42,0.7380952380952381,2.5901032698277513,6.288936906249873,-85.80076054687743,628.8936906249864
GLD,Gold ETF,commodities,15m,15,1.0,0.01,59,0.6271186440677966,1.3979008847028396,3.303797421386989,-160.03470522459793,330.3797421387021
AAPL,Apple,stocks,15m,15,1.0,0.01,65,0.35384615384615387,0.5881327480660365,-13.254786778320431,-1297.7228363769614,-1325.4786778320406
MSFT,Microsoft,stocks,15m,15,1.0,0.01,62,0.46774193548387094,0.8568403847118267,-3.0729308808590394,-840.2649414550541,-307.2930880859056
GOOGL,Google,stocks,15m,15,1.0,0.01,62,0.3870967741935484,0.6135594150811347,-12.865694587646558,-1510.9968949218824,-1286.5694587646558
AMZN,Amazon,stocks,15m,15,1.0,0.01,58,0.46551724137931033,0.8560697479489369,-3.8363011166993424,-852.3413342773424,-383.63011166993545
TSLA,Tesla,stocks,15m,15,1.0,0.01,63,0.4126984126984127,0.7080635060293429,-10.20943707031216,-1996.6277655761442,-1020.943707031219
SPY,S&P 500 ETF,stocks,15m,15,1.0,0.01,71,0.5633802816901409,1.1514915734527542,1.4601896015628153,-236.56446425779905,146.01896015627437
QQQ,Nasdaq ETF,stocks,15m,15,1.0,0.01,70,0.5142857142857142,0.88376526698438,-1.8591030771483565,-379.48811914060843,-185.91030771481428
MNQ=F,Micro Nasdaq,futures,15m,15,1.0,0.02,46,0.5652173913043478,1.0544131047891978,1.2324589999995441,-495.2532000000356,123.24589999995442
NQ=F,Nasdaq Futures,futures,15m,15,1.0,0.02,45,0.6222222222222222,1.3850791727626564,7.304964999999611,-476.7524000000267,730.4964999999611
EURUSD=X,EUR/USD,forex,15m,15,1.0,0.02,71,0.647887323943662,1.3216123249747198,1.2322020055255962,-77.86744178695321,123.22020055255976
GC=F,Gold,commodities,15m,15,1.0,0.02,42,0.7380952380952381,2.928404496422145,7.626934953124874,-85.80076054687743,762.6934953124864
GLD,Gold ETF,commodities,15m,15,1.0,0.02,59,0.6271186440677966,1.3979008847028396,3.303797421386989,-160.03470522459793,330.3797421387021
AAPL,Apple,stocks,15m,15,1.0,0.02,65,0.35384615384615387,0.6503106383439184,-13.07933096704115,-1262.4329825683642,-1307.9330967041149
MSFT,Microsoft,stocks,15m,15,1.0,0.02,62,0.46774193548387094,0.8090417927678402,-4.408242830566123,-972.1732895507565,-440.82428305660807
GOOGL,Google,stocks,15m,15,1.0,0.02,62,0.3870967741935484,0.5203672383543899,-21.103494648925835,-2316.845669677743,-2110.3494648925875
AMZN,Amazon,stocks,15m,15,1.0,0.02,58,0.46551724137931033,0.853414176979436,-4.815436707763765,-1186.0106562744145,-481.5436707763838
TSLA,Tesla,stocks,15m,15,1.0,0.02,63,0.4126984126984127,0.7382159712629635,-16.210631090331518,-3541.737513623002,-1621.0631090331526
SPY,S&P 500 ETF,stocks,15m,15,1.0,0.02,71,0.5633802816901409,1.1514915734527542,1.4601896015628153,-236.56446425779905,146.01896015627437
QQQ,Nasdaq ETF,stocks,15m,15,1.0,0.02,70,0.5142857142857142,0.8724249010307514,-2.067008857421788,-379.48811914060843,-206.70088574215788
MNQ=F,Micro Nasdaq,futures,15m,15,0.5,0.01,49,0.7755102040816326,1.2213067080666167,3.196226999999744,-482.37680000002,319.62269999997443
NQ=F,Nasdaq Futures,futures,15m,15,0.5,0.01,49,0.7551020408163265,1.1524391475730733,2.263724999999722,-477.50180000002,226.3724999999722
EURUSD=X,EUR/USD,forex,15m,15,0.5,0.01,72,0.7916666666666666,1.2800756016167472,0.6919557487735619,-46.30171916380043,69.19557487735273
GC=F,Gold,commodities,15m,15,0.5,0.01,46,0.8478260869565217,2.37538683226348,3.3504730332030523,-57.00026757812702,335.0473033203052
GLD,Gold ETF,commodities,15m,15,0.5,0.01,61,0.8032786885245902,1.6785058540507647,3.1716028615724277,-87.79709963378264,317.16028615724423
AAPL,Apple,stocks,15m,15,0.5,0.01,67,0.5373134328358209,0.5750594039631094,-10.589483402465957,-990.7649775268657,-1058.948340246593
MSFT,Microsoft,stocks,15m,15,0.5,0.01,65,0.7384615384615385,1.1751202071789761,2.235323232910323,-375.7560910644472,223.53232329103014
GOOGL,Google,stocks,15m,15,0.5,0.01,62,0.6129032258064516,0.7492018204448252,-5.492338580810574,-1002.8715042358469,-549.2338580810617
AMZN,Amazon,stocks,15m,15,0.5,0.01,60,0.6666666666666666,1.0595806220706887,0.9880508405760885,-366.57906662598026,98.80508405761049
TSLA,Tesla,stocks,15m,15,0.5,0.01,63,0.6349206349206349,0.863247757945084,-3.0479610747068184,-877.033174975574,-304.7961074706839
SPY,S&P 500 ETF,stocks,15m,15,0.5,0.01,75,0.7733333333333333,1.5820970975525948,3.1619369428712343,-131.2115304687468,316.193694287123
QQQ,Nasdaq ETF,stocks,15m,15,0.5,0.01,72,0.6527777777777778,0.8164620392583894,-2.173659715331978,-316.2576421874851,-217.36597153318144
MNQ=F,Micro Nasdaq,futures,15m,15,0.5,0.02,49,0.7755102040816326,1.2213067080666167,3.196226999999744,-482.37680000002,319.62269999997443
NQ=F,Nasdaq Futures,futures,15m,15,0.5,0.02,49,0.7551020408163265,1.1524391475730733,2.263724999999722,-477.50180000002,226.3724999999722
EURUSD=X,EUR/USD,forex,15m,15,0.5,0.02,72,0.7916666666666666,1.2800756016167472,0.6919557487735619,-46.30171916380043,69.19557487735273
GC=F,Gold,commodities,15m,15,0.5,0.02,46,0.8478260869565217,2.5127006441513227,3.6849725449218025,-57.00026757812702,368.4972544921802
GLD,Gold ETF,commodities,15m,15,0.5,0.02,61,0.8032786885245902,1.6785058540507647,3.1716028615724277,-87.79709963378264,317.16028615724423
AAPL,Apple,stocks,15m,15,0.5,0.02,67,0.5373134328358209,0.5757889572863901,-12.527433156494316,-1148.5652798706192,-1252.743315649429
MSFT,Microsoft,stocks,15m,15,0.5,0.02,65,0.7384615384615385,1.052173645769922,0.7515403664552468,-514.7590572753841,75.15403664552304
GOOGL,Google,stocks,15m,15,0.5,0.02,62,0.6129032258064516,0.5868986694043126,-13.071317960937575,-1767.1513833496178,-1307.1317960937592
AMZN,Amazon,stocks,15m,15,0.5,0.02,60,0.6666666666666666,1.096492364575493,1.9161763520507702,-372.4783308105444,191.61763520507165
TSLA,Tesla,stocks,15m,15,0.5,0.02,63,0.6349206349206349,0.8544157624447763,-5.826947980468448,-1568.0651754882635,-582.6947980468437
SPY,S&P 500 ETF,stocks,15m,15,0.5,0.02,75,0.7733333333333333,1.5820970975525948,3.1619369428712343,-131.2115304687468,316.193694287123
QQQ,Nasdaq ETF,stocks,15m,15,0.5,0.02,72,0.6527777777777778,0.8023763205026985,-2.3815654956054098,-316.2576421874851,-238.15654956052504
