symbol,interval,orb_duration,tp_multiplier,risk_per_trade,avg_return,median_return,avg_profit_factor,total_trades
AAPL,15m,15,0.5,0.01,-10.589483402465957,-10.589483402465957,0.5750594039631094,67
AAPL,15m,15,0.5,0.02,-12.527433156494316,-12.527433156494316,0.5757889572863901,67
AAPL,15m,15,1.0,0.01,-13.254786778320431,-13.254786778320431,0.5881327480660365,65
AAPL,15m,15,1.0,0.02,-13.07933096704115,-13.07933096704115,0.6503106383439184,65
AAPL,15m,15,2.0,0.01,-17.811310594970873,-17.811310594970873,0.5573402708104941,65
AAPL,15m,15,2.0,0.02,-19.592762688720956,-19.592762688720956,0.5928437806578476,65
AAPL,5m,5,0.5,0.01,0.21978130407702337,0.21978130407702337,1.0107897548145577,84
AAPL,5m,5,0.5,0.02,-0.7205534145509227,-0.7205534145509227,0.9691053237126863,84
AAPL,5m,5,1.0,0.01,-7.117500718750143,-7.117500718750143,0.7734681487550066,80
AAPL,5m,5,1.0,0.02,-7.913071463867364,-7.913071463867364,0.7751756041150435,80
AAPL,5m,5,2.0,0.01,-14.174193981933714,-14.174193981933714,0.65367410728685,80
AAPL,5m,5,2.0,0.02,-14.134698983886809,-14.134698983886809,0.6912809551542852,80
AAPL,5m,15,0.5,0.01,-8.908650333740297,-8.908650333740297,0.6661672462524922,81
AAPL,5m,15,0.5,0.02,-11.42368984423836,-11.42368984423836,0.6356038057428409,81
AAPL,5m,15,1.0,0.01,-15.561368872070345,-15.561368872070345,0.5708042235784067,78
AAPL,5m,15,1.0,0.02,-16.682747717529384,-16.682747717529384,0.5974801380492091,78
AAPL,5m,15,2.0,0.01,-16.52206563037131,-16.52206563037131,0.6233551601972442,78
AAPL,5m,15,2.0,0.02,-18.963460192871263,-18.963460192871263,0.6302299291771587,78
AMZN,15m,15,0.5,0.01,0.9880508405760885,0.9880508405760885,1.0595806220706887,60
AMZN,15m,15,0.5,0.02,1.9161763520507702,1.9161763520507702,1.096492364575493,60
AMZN,15m,15,1.0,0.01,-3.8363011166993424,-3.8363011166993424,0.8560697479489369,58
AMZN,15m,15,1.0,0.02,-4.815436707763765,-4.815436707763765,0.853414176979436,58
AMZN,15m,15,2.0,0.01,-4.467044549804832,-4.467044549804832,0.8669692866705647,57
AMZN,15m,15,2.0,0.02,-3.3016545261232024,-3.3016545261232024,0.9195690685629733,57
AMZN,5m,5,0.5,0.01,4.1986095278318505,4.1986095278318505,1.2420939596071114,83
AMZN,5m,5,0.5,0.02,4.294994066284034,4.294994066284034,1.222033909667113,83
AMZN,5m,5,1.0,0.01,2.43248894384742,2.43248894384742,1.0833330719851155,83
AMZN,5m,5,1.0,0.02,2.054033176025132,2.054033176025132,1.063059711358008,83
AMZN,5m,5,2.0,0.01,-2.6725622990723603,-2.6725622990723603,0.9332106298771708,82
AMZN,5m,5,2.0,0.02,-3.190635180664212,-3.190635180664212,0.9282810092772873,82
AMZN,5m,15,0.5,0.01,-4.5498662885742664,-4.5498662885742664,0.8011237754714728,73
AMZN,5m,15,0.5,0.02,-6.184281278564431,-6.184281278564431,0.7763027263391251,73
AMZN,5m,15,1.0,0.01,-6.710447085937594,-6.710447085937594,0.7964343306774546,73
AMZN,5m,15,1.0,0.02,-8.414888866455184,-8.414888866455184,0.7867517502836874,73
AMZN,5m,15,2.0,0.01,3.508604054199131,3.508604054199131,1.0873222795201538,72
AMZN,5m,15,2.0,0.02,1.6698813598631024,1.6698813598631024,1.0340225883891847,72
EURUSD=X,15m,15,0.5,0.01,0.6919557487735619,0.6919557487735619,1.2800756016167472,72
EURUSD=X,15m,15,0.5,0.02,0.6919557487735619,0.6919557487735619,1.2800756016167472,72
EURUSD=X,15m,15,1.0,0.01,1.2322020055255962,1.2322020055255962,1.3216123249747198,71
EURUSD=X,15m,15,1.0,0.02,1.2322020055255962,1.2322020055255962,1.3216123249747198,71
EURUSD=X,15m,15,2.0,0.01,1.6665807008858429,1.6665807008858429,1.363369081723812,58
EURUSD=X,15m,15,2.0,0.02,1.6665807008858429,1.6665807008858429,1.363369081723812,58
EURUSD=X,5m,5,0.5,0.01,1.153026429872607,1.153026429872607,1.9417107578312949,96
EURUSD=X,5m,5,0.5,0.02,1.153026429872607,1.153026429872607,1.9417107578312949,96
EURUSD=X,5m,5,1.0,0.01,2.127095878450473,2.127095878450473,2.081041624349834,95
EURUSD=X,5m,5,1.0,0.02,2.127095878450473,2.127095878450473,2.081041624349834,95
EURUSD=X,5m,5,2.0,0.01,3.6400589621279322,3.6400589621279322,2.2414112225555543,92
EURUSD=X,5m,5,2.0,0.02,3.6400589621279322,3.6400589621279322,2.2414112225555543,92
EURUSD=X,5m,15,0.5,0.01,1.286101161338811,1.286101161338811,1.679217852773583,88
EURUSD=X,5m,15,0.5,0.02,1.286101161338811,1.286101161338811,1.679217852773583,88
EURUSD=X,5m,15,1.0,0.01,2.7143261616192285,2.7143261616192285,1.9404937095722128,88
EURUSD=X,5m,15,1.0,0.02,2.7143261616192285,2.7143261616192285,1.9404937095722128,88
EURUSD=X,5m,15,2.0,0.01,1.2396882493763588,1.2396882493763588,1.270773058924824,71
EURUSD=X,5m,15,2.0,0.02,1.2396882493763588,1.2396882493763588,1.270773058924824,71
GC=F,15m,15,0.5,0.01,3.3504730332030523,3.3504730332030523,2.37538683226348,46
GC=F,15m,15,0.5,0.02,3.6849725449218025,3.6849725449218025,2.5127006441513227,46
GC=F,15m,15,1.0,0.01,6.288936906249873,6.288936906249873,2.5901032698277513,42
GC=F,15m,15,1.0,0.02,7.626934953124874,7.626934953124874,2.928404496422145,42
GC=F,15m,15,2.0,0.01,3.4629452539061094,3.4629452539061094,1.8742481660805728,22
GC=F,15m,15,2.0,0.02,4.830946183593624,4.830946183593624,2.219610918387091,22
GC=F,5m,5,0.5,0.01,3.77747386914054,3.77747386914054,3.5643982698760563,68
GC=F,5m,5,0.5,0.02,3.77747386914054,3.77747386914054,3.5643982698760563,68
GC=F,5m,5,1.0,0.01,4.504890648437249,4.504890648437249,2.106271563306712,67
GC=F,5m,5,1.0,0.02,4.504890648437249,4.504890648437249,2.106271563306712,67
GC=F,5m,5,2.0,0.01,4.41481979296841,4.41481979296841,1.7765461190819718,61
GC=F,5m,5,2.0,0.02,4.41481979296841,4.41481979296841,1.7765461190819718,61
GC=F,5m,15,0.5,0.01,3.6479614746092737,3.6479614746092737,2.368306483651972,58
GC=F,5m,15,0.5,0.02,3.6479614746092737,3.6479614746092737,2.368306483651972,58
GC=F,5m,15,1.0,0.01,3.6459100664060315,3.6459100664060315,1.638166823889709,57
GC=F,5m,15,1.0,0.02,3.6459100664060315,3.6459100664060315,1.638166823889709,57
GC=F,5m,15,2.0,0.01,5.25587494921845,5.25587494921845,1.7476196481868531,49
GC=F,5m,15,2.0,0.02,5.25587494921845,5.25587494921845,1.7476196481868531,49
GLD,15m,15,0.5,0.01,3.1716028615724277,3.1716028615724277,1.6785058540507647,61
GLD,15m,15,0.5,0.02,3.1716028615724277,3.1716028615724277,1.6785058540507647,61
GLD,15m,15,1.0,0.01,3.303797421386989,3.303797421386989,1.3979008847028396,59
GLD,15m,15,1.0,0.02,3.303797421386989,3.303797421386989,1.3979008847028396,59
GLD,15m,15,2.0,0.01,7.145772697754254,7.145772697754254,1.659877748323182,58
GLD,15m,15,2.0,0.02,7.145772697754254,7.145772697754254,1.659877748323182,58
GLD,5m,5,0.5,0.01,3.69554397241227,3.69554397241227,2.247716443660769,82
GLD,5m,5,0.5,0.02,3.69554397241227,3.69554397241227,2.247716443660769,82
GLD,5m,5,1.0,0.01,4.748995413574558,4.748995413574558,1.8173217769735663,82
GLD,5m,5,1.0,0.02,4.748995413574558,4.748995413574558,1.8173217769735663,82
GLD,5m,5,2.0,0.01,4.955360629395054,4.955360629395054,1.5295306734816376,82
GLD,5m,5,2.0,0.02,4.955360629395054,4.955360629395054,1.5295306734816376,82
GLD,5m,15,0.5,0.01,4.1343844128419915,4.1343844128419915,1.9518909673144447,75
GLD,5m,15,0.5,0.02,4.1343844128419915,4.1343844128419915,1.9518909673144447,75
GLD,5m,15,1.0,0.01,2.89245283154336,2.89245283154336,1.3178171117016342,75
GLD,5m,15,1.0,0.02,2.89245283154336,2.89245283154336,1.3178171117016342,75
GLD,5m,15,2.0,0.01,6.455391720215357,6.455391720215357,1.5370571865502511,73
GLD,5m,15,2.0,0.02,6.455391720215357,6.455391720215357,1.5370571865502511,73
GOOGL,15m,15,0.5,0.01,-5.492338580810574,-5.492338580810574,0.7492018204448252,62
GOOGL,15m,15,0.5,0.02,-13.071317960937575,-13.071317960937575,0.5868986694043126,62
GOOGL,15m,15,1.0,0.01,-12.865694587646558,-12.865694587646558,0.6135594150811347,62
GOOGL,15m,15,1.0,0.02,-21.103494648925835,-21.103494648925835,0.5203672383543899,62
GOOGL,15m,15,2.0,0.01,-16.70611763525396,-16.70611763525396,0.5730629311535638,61
GOOGL,15m,15,2.0,0.02,-24.550963687744286,-24.550963687744286,0.50989734089885,61
GOOGL,5m,5,0.5,0.01,-6.514195051757906,-6.514195051757906,0.7502834923451139,83
GOOGL,5m,5,0.5,0.02,-8.397187165283322,-8.397187165283322,0.719801949193644,83
GOOGL,5m,5,1.0,0.01,-15.723353399902425,-15.723353399902425,0.602203361716607,82
GOOGL,5m,5,1.0,0.02,-20.384395337158267,-20.384395337158267,0.549749394699646,82
GOOGL,5m,5,2.0,0.01,-15.054891059814546,-15.054891059814546,0.6752703897578968,81
GOOGL,5m,5,2.0,0.02,-19.455806289306686,-19.455806289306686,0.6292020813521523,81
GOOGL,5m,15,0.5,0.01,-11.238951067627005,-11.238951067627005,0.5897378055782798,73
GOOGL,5m,15,0.5,0.02,-18.09466504504404,-18.09466504504404,0.498506809327852,73
GOOGL,5m,15,1.0,0.01,-14.598653885498042,-14.598653885498042,0.6117953082456233,73
GOOGL,5m,15,1.0,0.02,-21.885066023681656,-21.885066023681656,0.539581733433898,73
GOOGL,5m,15,2.0,0.01,-15.293221493408254,-15.293221493408254,0.6565337354212911,73
GOOGL,5m,15,2.0,0.02,-22.375601022460998,-22.375601022460998,0.5913108369411334,73
MNQ=F,15m,15,0.5,0.01,3.196226999999744,3.196226999999744,1.2213067080666167,49
MNQ=F,15m,15,0.5,0.02,3.196226999999744,3.196226999999744,1.2213067080666167,49
MNQ=F,15m,15,1.0,0.01,1.2324589999995441,1.2324589999995441,1.0544131047891978,46
MNQ=F,15m,15,1.0,0.02,1.2324589999995441,1.2324589999995441,1.0544131047891978,46
MNQ=F,15m,15,2.0,0.01,5.512456999999522,5.512456999999522,1.2336030167887575,36
MNQ=F,15m,15,2.0,0.02,5.512456999999522,5.512456999999522,1.2336030167887575,36
MNQ=F,5m,5,0.5,0.01,12.366227999999756,12.366227999999756,2.8299944861443747,69
MNQ=F,5m,5,0.5,0.02,12.366227999999756,12.366227999999756,2.8299944861443747,69
MNQ=F,5m,5,1.0,0.01,18.07995699999952,18.07995699999952,2.399643755754684,69
MNQ=F,5m,5,1.0,0.02,18.07995699999952,18.07995699999952,2.399643755754684,69
MNQ=F,5m,5,2.0,0.01,14.77242899999921,14.77242899999921,1.6709382098023846,63
MNQ=F,5m,5,2.0,0.02,14.77242899999921,14.77242899999921,1.6709382098023846,63
MNQ=F,5m,15,0.5,0.01,9.281225999999734,9.281225999999734,1.7708644102370168,60
MNQ=F,5m,15,0.5,0.02,9.281225999999734,9.281225999999734,1.7708644102370168,60
MNQ=F,5m,15,1.0,0.01,14.38496299999959,14.38496299999959,1.8201216348700344,56
MNQ=F,5m,15,1.0,0.02,14.38496299999959,14.38496299999959,1.8201216348700344,56
MNQ=F,5m,15,2.0,0.01,11.472456999999523,11.472456999999523,1.5744114594927001,40
MNQ=F,5m,15,2.0,0.02,11.472456999999523,11.472456999999523,1.5744114594927001,40
MSFT,15m,15,0.5,0.01,2.235323232910323,2.235323232910323,1.1751202071789761,65
MSFT,15m,15,0.5,0.02,0.7515403664552468,0.7515403664552468,1.052173645769922,65
MSFT,15m,15,1.0,0.01,-3.0729308808590394,-3.0729308808590394,0.8568403847118267,62
MSFT,15m,15,1.0,0.02,-4.408242830566123,-4.408242830566123,0.8090417927678402,62
MSFT,15m,15,2.0,0.01,-5.207739226562225,-5.207739226562225,0.8111974786308604,60
MSFT,15m,15,2.0,0.02,-5.990429885253652,-5.990429885253652,0.7952750927735077,60
MSFT,5m,5,0.5,0.01,5.077552699219014,5.077552699219014,1.437126872774169,85
MSFT,5m,5,0.5,0.02,5.676255685791276,5.676255685791276,1.4874567939955536,85
MSFT,5m,5,1.0,0.01,8.20487031054725,8.20487031054725,1.4437841467955603,85
MSFT,5m,5,1.0,0.02,7.163950548828489,7.163950548828489,1.3666592925554366,85
MSFT,5m,5,2.0,0.01,4.792002112793526,4.792002112793526,1.1740801490538308,84
MSFT,5m,5,2.0,0.02,3.8537997016607366,3.8537997016607366,1.1355741650124576,84
MSFT,5m,15,0.5,0.01,-1.8103781882321348,-1.8103781882321348,0.896702457924326,83
MSFT,5m,15,0.5,0.02,-3.027152354980171,-3.027152354980171,0.8399672779682037,83
MSFT,5m,15,1.0,0.01,-0.9197802421870438,-0.9197802421870438,0.9621258760402455,82
MSFT,5m,15,1.0,0.02,-1.9157023417963863,-1.9157023417963863,0.9251790152606987,82
MSFT,5m,15,2.0,0.01,1.211555357422476,1.211555357422476,1.0380066639133236,81
MSFT,5m,15,2.0,0.02,0.559550935547486,0.559550935547486,1.0168197875700467,81
NQ=F,15m,15,0.5,0.01,2.263724999999722,2.263724999999722,1.1524391475730733,49
NQ=F,15m,15,0.5,0.02,2.263724999999722,2.263724999999722,1.1524391475730733,49
NQ=F,15m,15,1.0,0.01,7.304964999999611,7.304964999999611,1.3850791727626564,45
NQ=F,15m,15,1.0,0.02,7.304964999999611,7.304964999999611,1.3850791727626564,45
NQ=F,15m,15,2.0,0.01,11.002458999999543,11.002458999999543,1.515155724863412,36
NQ=F,15m,15,2.0,0.02,11.002458999999543,11.002458999999543,1.515155724863412,36
NQ=F,5m,5,0.5,0.01,14.784981999999799,14.784981999999799,4.039039526677844,69
NQ=F,5m,5,0.5,0.02,14.784981999999799,14.784981999999799,4.039039526677844,69
NQ=F,5m,5,1.0,0.01,19.314958999999543,19.314958999999543,2.661496132486323,68
NQ=F,5m,5,1.0,0.02,19.314958999999543,19.314958999999543,2.661496132486323,68
NQ=F,5m,5,2.0,0.01,15.47992899999921,15.47992899999921,1.725392606490918,63
NQ=F,5m,5,2.0,0.02,15.47992899999921,15.47992899999921,1.725392606490918,63
NQ=F,5m,15,0.5,0.01,10.776227999999756,10.776227999999756,1.9934276233779025,60
NQ=F,5m,15,0.5,0.02,10.776227999999756,10.776227999999756,1.9934276233779025,60
NQ=F,5m,15,1.0,0.01,16.90496299999959,16.90496299999959,2.056557810244875,56
NQ=F,5m,15,1.0,0.02,16.90496299999959,16.90496299999959,2.056557810244875,56
NQ=F,5m,15,2.0,0.01,14.074956999999522,14.074956999999522,1.7498628399445868,40
NQ=F,5m,15,2.0,0.02,14.074956999999522,14.074956999999522,1.7498628399445868,40
QQQ,15m,15,0.5,0.01,-2.173659715331978,-2.173659715331978,0.8164620392583894,72
QQQ,15m,15,0.5,0.02,-2.3815654956054098,-2.3815654956054098,0.8023763205026985,72
QQQ,15m,15,1.0,0.01,-1.8591030771483565,-1.8591030771483565,0.88376526698438,70
QQQ,15m,15,1.0,0.02,-2.067008857421788,-2.067008857421788,0.8724249010307514,70
QQQ,15m,15,2.0,0.01,-3.8444205380857417,-3.8444205380857417,0.8062348396197312,66
QQQ,15m,15,2.0,0.02,-4.0305243916013564,-4.0305243916013564,0.7987426793335516,66
QQQ,5m,5,0.5,0.01,6.234763355468749,6.234763355468749,2.358198311408453,91
QQQ,5m,5,0.5,0.02,6.234763355468749,6.234763355468749,2.358198311408453,91
QQQ,5m,5,1.0,0.01,3.517249139648557,3.517249139648557,1.316734473195288,91
QQQ,5m,5,1.0,0.02,3.517249139648557,3.517249139648557,1.316734473195288,91
QQQ,5m,5,2.0,0.01,2.582417517578269,2.582417517578269,1.1606143749563562,91
QQQ,5m,5,2.0,0.02,2.582417517578269,2.582417517578269,1.1606143749563562,91
QQQ,5m,15,0.5,0.01,5.0132039394531605,5.0132039394531605,1.6721024422735724,82
QQQ,5m,15,0.5,0.02,5.0132039394531605,5.0132039394531605,1.6721024422735724,82
QQQ,5m,15,1.0,0.01,4.187953545898527,4.187953545898527,1.3078784170435895,81
QQQ,5m,15,1.0,0.02,4.187953545898527,4.187953545898527,1.3078784170435895,81
QQQ,5m,15,2.0,0.01,1.9141856689454289,1.9141856689454289,1.1021831504558608,76
QQQ,5m,15,2.0,0.02,1.9141856689454289,1.9141856689454289,1.1021831504558608,76
SPY,15m,15,0.5,0.01,3.1619369428712343,3.1619369428712343,1.5820970975525948,75
SPY,15m,15,0.5,0.02,3.1619369428712343,3.1619369428712343,1.5820970975525948,75
SPY,15m,15,1.0,0.01,1.4601896015628153,1.4601896015628153,1.1514915734527542,71
SPY,15m,15,1.0,0.02,1.4601896015628153,1.4601896015628153,1.1514915734527542,71
SPY,15m,15,2.0,0.01,3.5238311972659724,3.5238311972659724,1.2835717494124408,67
SPY,15m,15,2.0,0.02,3.5238311972659724,3.5238311972659724,1.2835717494124408,67
SPY,5m,5,0.5,0.01,4.760330808593862,4.760330808593862,3.039624966924822,92
SPY,5m,5,0.5,0.02,4.760330808593862,4.760330808593862,3.039624966924822,92
SPY,5m,5,1.0,0.01,1.448063578125402,1.448063578125402,1.2003101475066833,92
SPY,5m,5,1.0,0.02,1.448063578125402,1.448063578125402,1.2003101475066833,92
SPY,5m,5,2.0,0.01,0.19462956347717408,0.19462956347717408,1.0188443512698577,90
SPY,5m,5,2.0,0.02,0.19462956347717408,0.19462956347717408,1.0188443512698577,90
SPY,5m,15,0.5,0.01,3.7164220292970276,3.7164220292970276,1.7913459041371451,86
SPY,5m,15,0.5,0.02,3.7164220292970276,3.7164220292970276,1.7913459041371451,86
SPY,5m,15,1.0,0.01,1.99213472656289,1.99213472656289,1.2107074663841884,86
SPY,5m,15,1.0,0.02,1.99213472656289,1.99213472656289,1.2107074663841884,86
SPY,5m,15,2.0,0.01,-0.07209958496036051,-0.07209958496036051,0.9944160932063485,81
SPY,5m,15,2.0,0.02,-0.07209958496036051,-0.07209958496036051,0.9944160932063485,81
TSLA,15m,15,0.5,0.01,-3.0479610747068184,-3.0479610747068184,0.863247757945084,63
TSLA,15m,15,0.5,0.02,-5.826947980468448,-5.826947980468448,0.8544157624447763,63
TSLA,15m,15,1.0,0.01,-10.20943707031216,-10.20943707031216,0.7080635060293429,63
TSLA,15m,15,1.0,0.02,-16.210631090331518,-16.210631090331518,0.7382159712629635,63
TSLA,15m,15,2.0,0.01,-14.609049421874662,-14.609049421874662,0.6592389798294811,61
TSLA,15m,15,2.0,0.02,-22.787283199218162,-22.787283199218162,0.6963272378280686,61
TSLA,5m,5,0.5,0.01,13.217848774658378,13.217848774658378,1.832655535791686,71
TSLA,5m,5,0.5,0.02,19.38589741918979,19.38589741918979,1.7656325492199079,71
TSLA,5m,5,1.0,0.01,2.354995018066802,2.354995018066802,1.0695700351949557,71
TSLA,5m,5,1.0,0.02,0.687974816895039,0.687974816895039,1.013303226748912,71
TSLA,5m,5,2.0,0.01,3.855022682617709,3.855022682617709,1.0799925527224206,70
TSLA,5m,5,2.0,0.02,4.978399682129784,4.978399682129784,1.064613553516524,70
TSLA,5m,15,0.5,0.01,6.682442841797111,6.682442841797111,1.3274652266550966,74
TSLA,5m,15,0.5,0.02,9.287357057861609,9.287357057861609,1.2516523101456118,74
TSLA,5m,15,1.0,0.01,1.6929918774417092,1.6929918774417092,1.046892151914767,74
TSLA,5m,15,1.0,0.02,2.9962031948247385,2.9962031948247385,1.0482318457065407,74
TSLA,5m,15,2.0,0.01,-0.5113833378900381,-0.5113833378900381,0.9900448294776893,72
TSLA,5m,15,2.0,0.02,5.994981467286015,5.994981467286015,1.0640860056792156,72
